<?xml version="1.0" encoding="utf-8"?>
<extension type="module" version="3.1.0" client="site" method="upgrade">
    <name>mod_scmweather</name>
    <author>mina fathi trangell.com</author>
    <version>1.0.6</version>
    <description>
        
    <![CDATA[
<div align="center">
            <div class="alert alert-success" style="background-color:#edf4ff;border-color:#a0c7ff;color: #0088CC;padding: 10px; font-family:tahoma; font-size:12px; font-weight:normal;">
            <h4>
            <a href="https://github.com/shahryarjb" style="font-family:tahoma; font-size:15px; font-weight:normal;">گیت هاب ترانگل</a> | 
            <a href="https://trangell.com" style="font-family:tahoma; font-size:15px; font-weight:normal;">وب سایت ترانگل</a> | 
            <a href="https://trangell.com/blog/2-%D8%AF%D8%B1%D8%A8%D8%A7%D8%B1%D9%87-%DA%AF%D8%B1%D9%88%D9%87-%D8%A8%D8%B1%D9%86%D8%A7%D9%85%D9%87-%D9%86%D9%88%DB%8C%D8%B3%DB%8C-%D8%AA%D8%B1%D8%A7%D9%86%DA%AF%D9%84" style="font-family:tahoma; font-size:15px; font-weight:normal;">درباره ما </a> |
            <a href="https://trangell.com/blog/6-%D8%AE%D8%AF%D9%85%D8%A7%D8%AA-%D8%A7%D9%81%D8%B2%D9%88%D9%86%D9%87-%D9%86%D9%88%DB%8C%D8%B3%DB%8C" style="font-family:tahoma; font-size:15px; font-weight:normal;">خدمات افزونه نویسی </a>        <br>
            </h4>
            <div>
            <br/>
            <br/>
            <br/>
            <span style="color:#2C8C42;font-size:20px">ماژول نمایش آب و هوا جوملا</span>            <br/>
            <br/>
            <br/>
            <img style="width:336px;height:280px;margin-left:auto;margin-right:auto;" src="https://trangell.com/images/header-blogo.png">
            </div>
            <style>table.adminform{width: 100%;}</style>
            </div>
]]>



    </description>
    <files>
        <filename>mod_scmweather.xml</filename>
        <filename module="mod_scmweather">mod_scmweather.php</filename>
        <filename>index.html</filename>
        <filename>helper.php</filename>
        <filename>tmpl/css/reset.css</filename>
        <filename>tmpl/css/style.css</filename>
        <filename>tmpl/default.php</filename>
        <filename>tmpl/index.html</filename>
        <folder>tmpl/images</folder>
    </files>
    <config>

        <fields name="params">
            <fieldset name="basic">
                <field name="location" type="text" default="amol" label="نام شهر به انگلیسی" description="LOCATION_DESC" />
            <field name="country" type="text" default="iran" label="نام کشور" description="" />

                <field name="flocation" type="text" default="آمل" label="نام شهر به فارسی" description="LOCATION_DESC" />
                <field name="image-url" type="text" default="https://s3-us-west-2.amazonaws.com/s.cdpn.io/195612/chicago.jpg" label="url عکس پس زمینه را وارد کنید :" description="LOCATION_DESC" />
                <field name="degree" type="radio" default="C" label="درجه" description="">
            <option value="C">سانتیگراد</option>
            <option value="F">فارنهایت</option>
        </field>
                </fieldset>
                </fields>


    </config>
</extension>